time_namelookup (seconds),time_connect (seconds),time_appconnect (seconds),time_pretransfer (seconds),time_redirect (seconds),time_starttransfer (seconds),time_total (seconds)
0.000026,0.000184,0.000000,0.000224,0.000000,0.015192,0.015222
0.000025,0.000154,0.000000,0.000199,0.000000,0.156642,0.157468
0.000019,0.000126,0.000000,0.000154,0.000000,0.080087,0.080248
0.000024,0.000147,0.000000,0.000186,0.000000,0.019394,0.019613
0.000019,0.000117,0.000000,0.000146,0.000000,0.055303,0.055510
0.000019,0.000123,0.000000,0.000155,0.000000,0.006521,0.006664
0.000021,0.000144,0.000000,0.000177,0.000000,0.088487,0.088835
0.000017,0.000130,0.000000,0.000160,0.000000,0.079001,0.079170
0.000029,0.000186,0.000000,0.000248,0.000000,0.077799,0.078052
0.000020,0.000130,0.000000,0.000162,0.000000,0.223500,0.224278
0.000021,0.000239,0.000000,0.000282,0.000000,0.047668,0.047876
0.000020,0.000125,0.000000,0.000153,0.000000,0.050876,0.051810
0.000026,0.000160,0.000000,0.000202,0.000000,0.076059,0.076255
0.000020,0.000122,0.000000,0.000167,0.000000,0.096715,0.096930
0.000080,0.000182,0.000000,0.000212,0.000000,0.031506,0.031691
0.000026,0.000146,0.000000,0.000192,0.000000,0.026493,0.026675
0.000019,0.000140,0.000000,0.000189,0.000000,0.008767,0.008972
0.000028,0.000169,0.000000,0.000215,0.000000,0.152419,0.152703
0.000022,0.000157,0.000000,0.000188,0.000000,0.067258,0.067532
0.000020,0.000131,0.000000,0.000164,0.000000,0.079632,0.079965
0.000022,0.000131,0.000000,0.000165,0.000000,0.161307,0.162160
0.000020,0.000127,0.000000,0.000161,0.000000,0.057169,0.057364
0.000021,0.000127,0.000000,0.000160,0.000000,0.055831,0.056005
0.000019,0.000135,0.000000,0.000168,0.000000,0.015920,0.016113
0.000022,0.000133,0.000000,0.000163,0.000000,0.170830,0.171769
0.000022,0.000145,0.000000,0.000185,0.000000,0.053135,0.053325
0.000036,0.000219,0.000000,0.000284,0.000000,0.068931,0.069126
0.000019,0.000128,0.000000,0.000159,0.000000,0.080549,0.080923
0.000020,0.000133,0.000000,0.000162,0.000000,0.022749,0.022924
0.000021,0.000122,0.000000,0.000154,0.000000,0.035181,0.035380
0.000021,0.000128,0.000000,0.000161,0.000000,0.137466,0.137898
0.000017,0.000107,0.000000,0.000134,0.000000,0.088293,0.089104
0.000021,0.000150,0.000000,0.000186,0.000000,0.094141,0.094381
0.000019,0.000134,0.000000,0.000166,0.000000,0.089898,0.090792
0.000030,0.000192,0.000000,0.000245,0.000000,0.053572,0.054430
0.000020,0.000128,0.000000,0.000162,0.000000,0.096930,0.097996
0.000018,0.000131,0.000000,0.000160,0.000000,0.190826,0.191626
0.000020,0.000128,0.000000,0.000160,0.000000,0.006506,0.006682
0.000018,0.000115,0.000000,0.000145,0.000000,0.058593,0.058808
0.000019,0.000124,0.000000,0.000157,0.000000,0.186701,0.187591
0.000038,0.000230,0.000000,0.000290,0.000000,0.056928,0.057196
0.000021,0.000115,0.000000,0.000145,0.000000,0.063470,0.063723
0.000017,0.000126,0.000000,0.000190,0.000000,0.086227,0.086699
0.000019,0.000120,0.000000,0.000151,0.000000,0.091162,0.091948
0.000022,0.000144,0.000000,0.000180,0.000000,0.046561,0.046750
0.000019,0.000123,0.000000,0.000150,0.000000,0.015979,0.016151
0.000022,0.000113,0.000000,0.000142,0.000000,0.090816,0.091641
0.000020,0.000126,0.000000,0.000162,0.000000,0.144234,0.144510
0.000017,0.000125,0.000000,0.000154,0.000000,0.053955,0.054127
0.000039,0.000218,0.000000,0.000282,0.000000,0.059300,0.059511
0.000035,0.000170,0.000000,0.000215,0.000000,0.107684,0.108784
0.000018,0.000126,0.000000,0.000156,0.000000,0.024539,0.024710
0.000022,0.000160,0.000000,0.000196,0.000000,0.052528,0.052760
0.000020,0.000132,0.000000,0.000163,0.000000,0.018317,0.018486
0.000019,0.000127,0.000000,0.000160,0.000000,0.183774,0.187852
0.000019,0.000124,0.000000,0.000153,0.000000,0.057276,0.057493
0.000024,0.000149,0.000000,0.000187,0.000000,0.078337,0.078893
0.000040,0.000237,0.000000,0.000310,0.000000,0.070008,0.070388
0.000024,0.000147,0.000000,0.000184,0.000000,0.076350,0.076549
0.000119,0.000295,0.000000,0.000356,0.000000,0.028958,0.029292
0.000078,0.000411,0.000000,0.000551,0.000000,0.110100,0.111588
0.000020,0.000116,0.000000,0.000145,0.000000,0.161756,0.162094
0.000030,0.000144,0.000000,0.000186,0.000000,0.087060,0.087263
0.000021,0.000155,0.000000,0.000195,0.000000,0.104062,0.104294
0.000019,0.000279,0.000000,0.000582,0.000000,0.069395,0.069588
0.000022,0.000131,0.000000,0.000164,0.000000,0.021467,0.021497
0.000021,0.000208,0.000000,0.000253,0.000000,0.055812,0.056036
0.000026,0.000170,0.000000,0.000214,0.000000,0.035100,0.035292
0.000019,0.000124,0.000000,0.000157,0.000000,0.083965,0.084542
0.000024,0.000163,0.000000,0.000202,0.000000,0.078211,0.078264
0.000079,0.000442,0.000000,0.000569,0.000000,0.110632,0.110936
0.000022,0.000148,0.000000,0.000184,0.000000,0.088572,0.088745
0.000022,0.000151,0.000000,0.000184,0.000000,0.089773,0.089958
0.000021,0.000222,0.000000,0.000261,0.000000,0.083256,0.083460
0.000022,0.000247,0.000000,0.000545,0.000000,0.189955,0.190132
0.000025,0.000137,0.000000,0.000166,0.000000,0.053730,0.053947
0.000019,0.000121,0.000000,0.000149,0.000000,0.048657,0.048800
0.000023,0.000149,0.000000,0.000180,0.000000,0.092537,0.092824
0.000022,0.000150,0.000000,0.000189,0.000000,0.142724,0.142959
0.000018,0.000133,0.000000,0.000164,0.000000,0.020495,0.020697
0.000034,0.000200,0.000000,0.000261,0.000000,0.013110,0.013391
0.000023,0.000129,0.000000,0.000161,0.000000,0.079758,0.080004
0.000019,0.000148,0.000000,0.000195,0.000000,0.076094,0.076275
0.000020,0.000132,0.000000,0.000161,0.000000,0.072117,0.072348
0.000017,0.000115,0.000000,0.000145,0.000000,0.007386,0.007420
0.000031,0.000139,0.000000,0.000173,0.000000,0.019379,0.019641
0.000020,0.000221,0.000000,0.000258,0.000000,0.069980,0.070173
0.000022,0.000147,0.000000,0.000182,0.000000,0.051480,0.051687
0.000021,0.000120,0.000000,0.000154,0.000000,0.023972,0.024149
0.000020,0.000132,0.000000,0.000164,0.000000,0.091629,0.092270
0.000078,0.000967,0.000000,0.001148,0.000000,0.121133,0.121709
0.000020,0.000116,0.000000,0.000146,0.000000,0.095769,0.096555
0.000020,0.000135,0.000000,0.000164,0.000000,0.189567,0.190421
0.000023,0.000144,0.000000,0.000175,0.000000,0.129337,0.129569
0.000029,0.000195,0.000000,0.000248,0.000000,0.044951,0.045130
0.000026,0.000156,0.000000,0.000223,0.000000,0.046806,0.046996
0.000048,0.000157,0.000000,0.000191,0.000000,0.089109,0.089923
0.000018,0.000124,0.000000,0.000154,0.000000,0.178766,0.178955
0.000038,0.000225,0.000000,0.000290,0.000000,0.014173,0.014496
0.000021,0.000135,0.000000,0.000169,0.000000,0.058616,0.058793
0.000023,0.000135,0.000000,0.000166,0.000000,0.168113,0.168580
0.000058,0.000305,0.000000,0.000391,0.000000,0.146144,0.146690
0.000020,0.000133,0.000000,0.000164,0.000000,0.087283,0.087471
0.000022,0.000123,0.000000,0.000156,0.000000,0.053751,0.054503
0.000020,0.000133,0.000000,0.000166,0.000000,0.042009,0.042256
0.000020,0.000143,0.000000,0.000173,0.000000,0.057816,0.057996
0.000022,0.000135,0.000000,0.000163,0.000000,0.054722,0.054904
0.000023,0.000152,0.000000,0.000195,0.000000,0.149387,0.150245
0.000024,0.000121,0.000000,0.000150,0.000000,0.088399,0.088597
0.000022,0.000223,0.000000,0.000262,0.000000,0.060721,0.061121
0.000019,0.000150,0.000000,0.000180,0.000000,0.074526,0.074566
0.000021,0.000129,0.000000,0.000161,0.000000,0.089251,0.089569
0.000020,0.000231,0.000000,0.001560,0.000000,0.089019,0.089196
0.000022,0.000149,0.000000,0.000186,0.000000,0.154861,0.156330
0.000023,0.000132,0.000000,0.000169,0.000000,0.023000,0.023202
0.000022,0.000149,0.000000,0.000186,0.000000,0.077448,0.077730
0.000021,0.000140,0.000000,0.000172,0.000000,0.066677,0.066942
0.000026,0.000157,0.000000,0.000198,0.000000,0.075162,0.075522
0.000023,0.000318,0.000000,0.000367,0.000000,0.045215,0.045498
0.000021,0.000240,0.000000,0.000287,0.000000,0.035733,0.035936
0.000018,0.000127,0.000000,0.000160,0.000000,0.067833,0.068031
0.000032,0.000177,0.000000,0.000232,0.000000,0.122981,0.123198
0.000020,0.000128,0.000000,0.000162,0.000000,0.082241,0.082431
0.000018,0.000133,0.000000,0.000163,0.000000,0.164473,0.165483
0.000018,0.000140,0.000000,0.000171,0.000000,0.015453,0.015633
0.000020,0.000136,0.000000,0.000169,0.000000,0.054556,0.054743
0.000038,0.000213,0.000000,0.000266,0.000000,0.203988,0.204442
0.000022,0.000646,0.000000,0.001913,0.000000,0.045472,0.045641
0.000022,0.000143,0.000000,0.000175,0.000000,0.062884,0.063071
0.000027,0.000157,0.000000,0.000202,0.000000,0.059460,0.059841
0.000020,0.000127,0.000000,0.000160,0.000000,0.186844,0.187425
0.000022,0.000146,0.000000,0.000183,0.000000,0.036227,0.036447
0.000028,0.000157,0.000000,0.000196,0.000000,0.038682,0.038951
0.000026,0.000170,0.000000,0.000209,0.000000,0.089224,0.089516
0.000030,0.000182,0.000000,0.000235,0.000000,0.030872,0.031152
0.000032,0.000177,0.000000,0.000219,0.000000,0.078849,0.079100
0.000029,0.000171,0.000000,0.000217,0.000000,0.080971,0.081281
0.000021,0.000137,0.000000,0.000174,0.000000,0.094522,0.094565
0.000022,0.000138,0.000000,0.000170,0.000000,0.265105,0.266611
0.000025,0.000169,0.000000,0.000207,0.000000,0.080725,0.081020
0.000029,0.000188,0.000000,0.000235,0.000000,0.069316,0.069591
0.000031,0.000189,0.000000,0.000244,0.000000,0.025420,0.025733
0.000029,0.000176,0.000000,0.000228,0.000000,0.061630,0.062296
0.000031,0.000191,0.000000,0.000237,0.000000,0.076351,0.076820
0.000031,0.000185,0.000000,0.000237,0.000000,0.030606,0.031351
0.000018,0.000115,0.000000,0.000144,0.000000,0.096645,0.097542
0.000032,0.000195,0.000000,0.000246,0.000000,0.042416,0.042459
0.000036,0.000230,0.000000,0.000288,0.000000,0.063149,0.063480
0.000043,0.000229,0.000000,0.000293,0.000000,0.059108,0.059757
0.000029,0.000169,0.000000,0.000217,0.000000,0.024169,0.024473
0.000088,0.000441,0.000000,0.000588,0.000000,0.091560,0.091790
0.000026,0.000149,0.000000,0.000194,0.000000,0.083637,0.083688
0.000037,0.000216,0.000000,0.000269,0.000000,0.247150,0.247235
0.000024,0.000150,0.000000,0.000191,0.000000,0.049087,0.049322
0.000022,0.000152,0.000000,0.000187,0.000000,0.080365,0.080579
0.000019,0.000130,0.000000,0.000159,0.000000,0.129142,0.129298
0.000023,0.000148,0.000000,0.000179,0.000000,0.039984,0.040182
0.000025,0.000160,0.000000,0.000199,0.000000,0.024023,0.024271
0.000020,0.000218,0.000000,0.000250,0.000000,0.021419,0.021599
0.000023,0.000124,0.000000,0.000172,0.000000,0.055546,0.055783
0.000020,0.000131,0.000000,0.000161,0.000000,0.019318,0.019488
0.000030,0.000230,0.000000,0.000284,0.000000,0.067415,0.067737
0.000025,0.000148,0.000000,0.000187,0.000000,0.076507,0.076716
0.000020,0.000136,0.000000,0.000169,0.000000,0.172372,0.173248
0.000028,0.000171,0.000000,0.000221,0.000000,0.061851,0.062080
0.000027,0.000213,0.000000,0.000283,0.000000,0.033535,0.033814
0.000031,0.000173,0.000000,0.000218,0.000000,0.077819,0.078139
0.000031,0.000197,0.000000,0.000249,0.000000,0.053231,0.053548
0.000042,0.000228,0.000000,0.000288,0.000000,0.067812,0.068200
0.000022,0.000147,0.000000,0.000183,0.000000,0.203401,0.204527
0.000031,0.000198,0.000000,0.000522,0.000000,0.013440,0.013500
0.000047,0.000286,0.000000,0.000372,0.000000,0.156428,0.157142
0.000031,0.000185,0.000000,0.000232,0.000000,0.028187,0.028525
0.000020,0.000126,0.000000,0.000162,0.000000,0.059296,0.059473
0.000031,0.000205,0.000000,0.000258,0.000000,0.061560,0.061980
0.000020,0.000148,0.000000,0.000185,0.000000,0.019194,0.019437
0.000034,0.000180,0.000000,0.000230,0.000000,0.194481,0.195491
0.000027,0.000175,0.000000,0.000225,0.000000,0.026334,0.026601
0.000024,0.000172,0.000000,0.000215,0.000000,0.187710,0.188520
0.000024,0.000145,0.000000,0.000177,0.000000,0.079658,0.079830
0.000029,0.000207,0.000000,0.000252,0.000000,0.188529,0.189572
0.000033,0.000171,0.000000,0.000215,0.000000,0.073102,0.073371
0.000019,0.000114,0.000000,0.000142,0.000000,0.667348,0.667851
0.000019,0.000128,0.000000,0.000156,0.000000,0.051511,0.051683
0.000063,0.000352,0.000000,0.000434,0.000000,0.101860,0.102154
0.000029,0.000175,0.000000,0.000226,0.000000,0.031566,0.031831
0.000031,0.000169,0.000000,0.000203,0.000000,0.550394,0.550565
0.000023,0.000132,0.000000,0.000166,0.000000,0.785006,0.785346
0.000019,0.000139,0.000000,0.000171,0.000000,0.022682,0.022885
0.000028,0.000157,0.000000,0.000195,0.000000,0.079914,0.080948
0.000018,0.000130,0.000000,0.000159,0.000000,0.410329,0.410383
0.000021,0.000122,0.000000,0.000152,0.000000,0.089270,0.089307
0.000070,0.000509,0.000000,0.000743,0.000000,0.087374,0.087808
0.000019,0.000146,0.000000,0.000178,0.000000,0.057575,0.057773
0.000024,0.000143,0.000000,0.000180,0.000000,0.083580,0.084379
0.000024,0.000156,0.000000,0.000196,0.000000,0.043029,0.043229
0.000019,0.000140,0.000000,0.000175,0.000000,0.154314,0.155077
0.000025,0.000152,0.000000,0.000188,0.000000,0.023464,0.023662
0.000018,0.000149,0.000000,0.000182,0.000000,0.069682,0.069852
0.000026,0.000168,0.000000,0.000208,0.000000,0.065445,0.065748
0.000022,0.000153,0.000000,0.000189,0.000000,0.149665,0.149783
0.000030,0.000173,0.000000,0.000217,0.000000,0.065534,0.065828
0.000028,0.000178,0.000000,0.000222,0.000000,0.066836,0.067123
0.000035,0.000307,0.000000,0.000371,0.000000,0.070150,0.070555
0.000041,0.000255,0.000000,0.000373,0.000000,0.067847,0.068379
0.000027,0.000260,0.000000,0.000318,0.000000,0.023822,0.024078
0.000021,0.000134,0.000000,0.000170,0.000000,0.048600,0.048781
0.000030,0.000182,0.000000,0.000225,0.000000,0.069760,0.070098
0.000029,0.000163,0.000000,0.000211,0.000000,0.073336,0.073574
0.000022,0.000143,0.000000,0.000177,0.000000,0.046956,0.047254
0.000020,0.000138,0.000000,0.000172,0.000000,0.063782,0.063817
0.000028,0.000184,0.000000,0.000228,0.000000,0.602261,0.602447
0.000031,0.000203,0.000000,0.000260,0.000000,0.114533,0.114898
0.000046,0.000261,0.000000,0.000342,0.000000,0.053941,0.054413
0.000020,0.000124,0.000000,0.000151,0.000000,0.288447,0.288861
0.000021,0.000146,0.000000,0.000183,0.000000,0.086011,0.086335
0.000019,0.000140,0.000000,0.000172,0.000000,0.105491,0.106218
0.000034,0.000173,0.000000,0.000221,0.000000,0.382875,0.383499
0.000025,0.000172,0.000000,0.000217,0.000000,0.084527,0.084831
0.000031,0.000176,0.000000,0.000232,0.000000,0.061544,0.061806
0.000024,0.000157,0.000000,0.000189,0.000000,0.012336,0.012385
0.000030,0.000172,0.000000,0.000218,0.000000,0.072893,0.073153
0.000029,0.000178,0.000000,0.000223,0.000000,0.079611,0.079935
0.000024,0.000163,0.000000,0.000199,0.000000,0.270359,0.270638
0.000052,0.000284,0.000000,0.000356,0.000000,0.016419,0.017403
0.000023,0.000120,0.000000,0.000147,0.000000,0.164617,0.165424
0.000029,0.000207,0.000000,0.000249,0.000000,0.184160,0.185130
0.000040,0.000238,0.000000,0.000302,0.000000,0.047248,0.047740
0.000031,0.000193,0.000000,0.000273,0.000000,0.174802,0.175841
0.000031,0.000190,0.000000,0.000244,0.000000,0.072098,0.072415
0.000032,0.000181,0.000000,0.000215,0.000000,0.149558,0.150735
0.000039,0.000201,0.000000,0.000261,0.000000,0.100620,0.100948
0.000021,0.000137,0.000000,0.000167,0.000000,0.083940,0.084174
0.000023,0.000133,0.000000,0.000163,0.000000,0.054254,0.054429
0.000020,0.000131,0.000000,0.000165,0.000000,0.463053,0.463158
0.000023,0.000154,0.000000,0.000202,0.000000,0.071161,0.071377
0.000026,0.000143,0.000000,0.000181,0.000000,0.078065,0.078283
0.000021,0.000135,0.000000,0.000168,0.000000,0.079464,0.079857
0.000022,0.000126,0.000000,0.000158,0.000000,0.085722,0.085912
0.000047,0.000242,0.000000,0.000307,0.000000,0.052130,0.052561
0.000018,0.000121,0.000000,0.000150,0.000000,0.074591,0.074824
0.000025,0.000140,0.000000,0.000177,0.000000,0.050140,0.050401
0.000026,0.000199,0.000000,0.000243,0.000000,0.079128,0.079375
0.000024,0.000152,0.000000,0.000187,0.000000,0.041568,0.041776
0.000019,0.000132,0.000000,0.000161,0.000000,0.053070,0.053249
0.000020,0.000127,0.000000,0.000156,0.000000,0.027113,0.027289
0.000025,0.000158,0.000000,0.000196,0.000000,0.053644,0.053912
0.000028,0.000171,0.000000,0.000211,0.000000,0.037911,0.038163
0.000021,0.000143,0.000000,0.000179,0.000000,0.078401,0.078785
0.000017,0.000132,0.000000,0.000162,0.000000,0.049047,0.049257
0.000031,0.000166,0.000000,0.000194,0.000000,0.077092,0.077568
0.000022,0.000149,0.000000,0.000182,0.000000,0.080470,0.080732
0.000033,0.000212,0.000000,0.000271,0.000000,0.175848,0.177437
0.000050,0.000310,0.000000,0.000402,0.000000,0.085031,0.085496
0.000027,0.000178,0.000000,0.000225,0.000000,0.062404,0.062759
0.000028,0.000189,0.000000,0.000233,0.000000,0.196201,0.197489
0.000020,0.000119,0.000000,0.000142,0.000000,0.171453,0.172430
0.000022,0.000136,0.000000,0.000167,0.000000,0.018057,0.018276
0.000019,0.000141,0.000000,0.000175,0.000000,0.051227,0.051428
0.000020,0.000134,0.000000,0.000170,0.000000,0.064134,0.064442
0.000027,0.000180,0.000000,0.000225,0.000000,0.072724,0.072937
0.000021,0.000110,0.000000,0.000138,0.000000,0.007831,0.008050
0.000017,0.000125,0.000000,0.000155,0.000000,0.029741,0.029908
0.000021,0.000128,0.000000,0.000161,0.000000,0.083052,0.083507
0.000022,0.000231,0.000000,0.000274,0.000000,0.083971,0.084293
0.000025,0.000163,0.000000,0.000195,0.000000,0.045739,0.045962
0.000031,0.000173,0.000000,0.000226,0.000000,0.188579,0.189402
0.000035,0.000194,0.000000,0.000240,0.000000,0.073521,0.073798
0.000030,0.000194,0.000000,0.000249,0.000000,0.020149,0.021191
0.000035,0.000213,0.000000,0.000276,0.000000,0.024709,0.025064
0.000018,0.000138,0.000000,0.000168,0.000000,0.083564,0.083891
0.000022,0.000146,0.000000,0.000183,0.000000,0.076629,0.076927
0.000026,0.000182,0.000000,0.000231,0.000000,0.074365,0.074678
0.000024,0.000133,0.000000,0.000162,0.000000,0.149707,0.151408
0.000019,0.000151,0.000000,0.000188,0.000000,0.038581,0.038820
0.000078,0.000421,0.000000,0.000566,0.000000,0.187016,0.187505
0.000034,0.000190,0.000000,0.000243,0.000000,0.062886,0.063254
0.000025,0.000147,0.000000,0.000187,0.000000,0.023234,0.023282
0.000025,0.000163,0.000000,0.000205,0.000000,0.077316,0.077627
0.000029,0.000197,0.000000,0.000242,0.000000,0.065804,0.066116
0.000027,0.000177,0.000000,0.000223,0.000000,0.068745,0.069124
0.000018,0.000115,0.000000,0.000144,0.000000,0.053724,0.053946
0.000032,0.000181,0.000000,0.000246,0.000000,0.229905,0.230453
0.000020,0.000125,0.000000,0.000157,0.000000,0.327841,0.328082
0.000030,0.000200,0.000000,0.000271,0.000000,0.175823,0.176535
0.000028,0.000194,0.000000,0.000242,0.000000,0.076923,0.077202
0.000156,0.000337,0.000000,0.000423,0.000000,0.074758,0.075075
0.000020,0.000129,0.000000,0.000159,0.000000,0.007119,0.007291
0.000022,0.000136,0.000000,0.000170,0.000000,0.085017,0.085194
0.000039,0.000225,0.000000,0.000290,0.000000,0.073174,0.073478
0.000036,0.000214,0.000000,0.000270,0.000000,0.067892,0.068233
0.000035,0.000186,0.000000,0.000242,0.000000,0.101471,0.101876
0.000029,0.000195,0.000000,0.000244,0.000000,0.022641,0.022963
0.000029,0.000177,0.000000,0.000227,0.000000,0.126222,0.126585
0.000029,0.000171,0.000000,0.000214,0.000000,0.069349,0.069688
0.000028,0.000162,0.000000,0.000200,0.000000,0.035758,0.035980
0.000023,0.000149,0.000000,0.000191,0.000000,0.072630,0.072855
0.000026,0.000168,0.000000,0.000280,0.000000,0.053222,0.053423
0.000022,0.000152,0.000000,0.000190,0.000000,0.072833,0.073176
0.000061,0.000330,0.000000,0.000432,0.000000,0.017054,0.017479
0.000026,0.000176,0.000000,0.000219,0.000000,0.171538,0.171708
0.000017,0.000126,0.000000,0.000156,0.000000,0.057791,0.057988
0.000026,0.000182,0.000000,0.000229,0.000000,0.081838,0.082187
0.000026,0.000163,0.000000,0.000203,0.000000,0.234161,0.234354
0.000025,0.000166,0.000000,0.000211,0.000000,0.170812,0.171791
0.000029,0.000189,0.000000,0.000234,0.000000,0.081235,0.081494
0.000030,0.000178,0.000000,0.000221,0.000000,0.066368,0.066618
0.000022,0.000125,0.000000,0.000158,0.000000,0.082133,0.082323
0.000019,0.000130,0.000000,0.000159,0.000000,0.082488,0.082664
0.000018,0.000118,0.000000,0.000146,0.000000,0.084308,0.084482
0.000020,0.000132,0.000000,0.000176,0.000000,0.081676,0.081855
0.000022,0.000174,0.000000,0.000210,0.000000,0.077678,0.077909
0.000021,0.000131,0.000000,0.000164,0.000000,0.023644,0.023824
0.000038,0.000269,0.000000,0.000340,0.000000,0.144611,0.145035
0.000019,0.000129,0.000000,0.000160,0.000000,0.082920,0.083963
0.000027,0.000173,0.000000,0.000210,0.000000,0.078320,0.078535
0.000020,0.000128,0.000000,0.000161,0.000000,0.077209,0.077717
0.000025,0.000203,0.000000,0.000244,0.000000,0.067463,0.067769
0.000020,0.000137,0.000000,0.000170,0.000000,0.076615,0.076806
0.000027,0.000202,0.000000,0.000244,0.000000,0.257439,0.257540
0.000041,0.000238,0.000000,0.000300,0.000000,0.107296,0.107768
0.000040,0.000249,0.000000,0.000321,0.000000,0.157227,0.157286
0.000021,0.000137,0.000000,0.000172,0.000000,0.086517,0.086687
0.000021,0.000142,0.000000,0.000172,0.000000,0.095197,0.096113
0.000021,0.000179,0.000000,0.000222,0.000000,0.196997,0.197316
0.000031,0.000186,0.000000,0.000240,0.000000,0.024981,0.025334
0.000026,0.000186,0.000000,0.000226,0.000000,0.081933,0.082227
0.000020,0.000146,0.000000,0.000178,0.000000,0.017333,0.017367
0.000038,0.002420,0.000000,0.002997,0.000000,0.064632,0.064683
0.000024,0.000151,0.000000,0.000187,0.000000,0.030442,0.030636
0.000035,0.000223,0.000000,0.000279,0.000000,0.058475,0.058832
0.000020,0.000129,0.000000,0.000162,0.000000,0.057322,0.057517
0.000026,0.000149,0.000000,0.000191,0.000000,0.075573,0.075792
0.000026,0.000154,0.000000,0.000192,0.000000,0.079524,0.079899
0.000023,0.000169,0.000000,0.000206,0.000000,0.040745,0.040943
0.000028,0.000189,0.000000,0.000233,0.000000,0.073920,0.074164
0.000039,0.000241,0.000000,0.000296,0.000000,0.153385,0.153776
0.000022,0.000138,0.000000,0.000169,0.000000,0.029045,0.029238
0.000024,0.000127,0.000000,0.000165,0.000000,0.026972,0.027205
0.000025,0.000121,0.000000,0.000151,0.000000,0.085403,0.085676
0.000035,0.000205,0.000000,0.000264,0.000000,0.264810,0.264993
0.000030,0.000192,0.000000,0.000239,0.000000,0.075393,0.075674
0.000034,0.000205,0.000000,0.000267,0.000000,0.068427,0.068769
0.000054,0.000306,0.000000,0.000403,0.000000,0.133521,0.134200
0.000030,0.000186,0.000000,0.000240,0.000000,0.070487,0.070774
0.000021,0.000154,0.000000,0.000221,0.000000,0.043692,0.043940
0.000020,0.000123,0.000000,0.000158,0.000000,0.081258,0.081600
0.000023,0.000160,0.000000,0.000198,0.000000,0.056061,0.056288
0.000030,0.000172,0.000000,0.000210,0.000000,0.083691,0.083916
0.000029,0.000180,0.000000,0.000230,0.000000,0.177550,0.178800
0.000029,0.000183,0.000000,0.000231,0.000000,0.074494,0.075346
0.000025,0.000139,0.000000,0.000173,0.000000,0.078568,0.078810
0.000018,0.000131,0.000000,0.000162,0.000000,0.075333,0.075541
0.000028,0.000172,0.000000,0.000222,0.000000,0.011914,0.012190
0.000020,0.000139,0.000000,0.000172,0.000000,0.026856,0.027049
0.000034,0.000357,0.000000,0.000428,0.000000,0.069156,0.069482
0.000052,0.000324,0.000000,0.000414,0.000000,0.073180,0.073524
0.000020,0.000116,0.000000,0.000148,0.000000,0.054791,0.054964
0.000017,0.000127,0.000000,0.000155,0.000000,0.054278,0.054449
0.000029,0.000217,0.000000,0.000273,0.000000,0.023662,0.023856
0.000033,0.000188,0.000000,0.000233,0.000000,0.071164,0.071445
0.000032,0.000182,0.000000,0.000234,0.000000,0.143786,0.143897
0.000033,0.000227,0.000000,0.000284,0.000000,0.062193,0.062595
0.000023,0.000152,0.000000,0.000187,0.000000,0.181088,0.182099
0.000042,0.000241,0.000000,0.000300,0.000000,0.099136,0.099547
0.000031,0.000179,0.000000,0.000220,0.000000,0.181343,0.182194
0.000033,0.000139,0.000000,0.000170,0.000000,0.075716,0.075954
0.000021,0.000127,0.000000,0.000161,0.000000,0.058363,0.058571
0.000030,0.000187,0.000000,0.000243,0.000000,0.073005,0.073319
0.000020,0.000128,0.000000,0.000157,0.000000,0.185588,0.186513
0.000032,0.000228,0.000000,0.000285,0.000000,0.071260,0.071532
0.000021,0.000167,0.000000,0.000201,0.000000,0.177294,0.178974
0.000019,0.000131,0.000000,0.000165,0.000000,0.171742,0.172729
0.000019,0.000133,0.000000,0.000164,0.000000,0.085902,0.086190
0.000017,0.000130,0.000000,0.000160,0.000000,0.048160,0.048361
0.000028,0.000170,0.000000,0.000218,0.000000,0.040587,0.040840
0.000079,0.000422,0.000000,0.000548,0.000000,0.085032,0.085279
0.000030,0.000185,0.000000,0.000230,0.000000,0.029031,0.029529
0.000056,0.000560,0.000000,0.000687,0.000000,0.019528,0.019889
0.000022,0.000132,0.000000,0.000167,0.000000,0.064348,0.064530
0.000030,0.000173,0.000000,0.000225,0.000000,0.071424,0.071740
0.000030,0.000187,0.000000,0.000240,0.000000,0.034297,0.034609
0.000033,0.000186,0.000000,0.000239,0.000000,0.158618,0.158746
0.000030,0.000187,0.000000,0.000232,0.000000,0.061919,0.062197
0.000022,0.000142,0.000000,0.000179,0.000000,0.052065,0.052302
0.000017,0.000129,0.000000,0.000160,0.000000,0.074876,0.075051
0.000021,0.000136,0.000000,0.000169,0.000000,0.080275,0.080451
0.000030,0.000229,0.000000,0.000278,0.000000,0.078098,0.078428
0.000035,0.000193,0.000000,0.000237,0.000000,0.031166,0.031452
0.000020,0.000129,0.000000,0.000165,0.000000,0.100643,0.101532
0.000026,0.000171,0.000000,0.000214,0.000000,0.489050,0.489978
0.000017,0.000111,0.000000,0.000139,0.000000,0.030572,0.030743
0.000020,0.000131,0.000000,0.000165,0.000000,0.078279,0.078452
0.000022,0.000143,0.000000,0.000180,0.000000,0.063355,0.063391
0.000032,0.000185,0.000000,0.000241,0.000000,0.023517,0.023818
0.000023,0.000136,0.000000,0.000173,0.000000,0.077548,0.078022
0.000033,0.000195,0.000000,0.000240,0.000000,0.075256,0.075436
0.000024,0.000154,0.000000,0.000196,0.000000,0.084301,0.084644
0.000020,0.000124,0.000000,0.000158,0.000000,0.162226,0.163101
0.000017,0.000129,0.000000,0.000158,0.000000,0.077330,0.078786
0.000028,0.000166,0.000000,0.000209,0.000000,0.038932,0.039226
0.000023,0.000158,0.000000,0.000192,0.000000,0.068659,0.068857
0.000020,0.000136,0.000000,0.000169,0.000000,0.083449,0.083630
0.000036,0.000231,0.000000,0.000287,0.000000,0.072585,0.072943
0.000028,0.000170,0.000000,0.000216,0.000000,0.068802,0.069085
0.000025,0.000169,0.000000,0.000210,0.000000,0.137375,0.137556
0.000020,0.000227,0.000000,0.000265,0.000000,0.087698,0.088069
0.000019,0.000130,0.000000,0.000163,0.000000,0.044749,0.044921
0.000026,0.000159,0.000000,0.000198,0.000000,0.240917,0.241479
0.000027,0.000184,0.000000,0.000228,0.000000,0.015689,0.015800
0.000028,0.000180,0.000000,0.000223,0.000000,0.189120,0.190454
0.000021,0.000126,0.000000,0.000164,0.000000,0.324842,0.326319
0.000029,0.000158,0.000000,0.000195,0.000000,0.407019,0.407917
0.000022,0.000128,0.000000,0.000162,0.000000,0.194321,0.194704
0.000026,0.000158,0.000000,0.000196,0.000000,0.047498,0.047763
0.000019,0.000145,0.000000,0.000174,0.000000,0.057688,0.057867
0.000018,0.000125,0.000000,0.000156,0.000000,0.053175,0.053347
0.000031,0.000173,0.000000,0.000220,0.000000,0.028465,0.028754
0.000029,0.000255,0.000000,0.000310,0.000000,0.032894,0.032932
0.000021,0.000136,0.000000,0.000170,0.000000,0.185959,0.186054
0.000021,0.000167,0.000000,0.000207,0.000000,0.085413,0.085837
0.000030,0.000190,0.000000,0.000324,0.000000,0.095830,0.096113
0.000017,0.000118,0.000000,0.000147,0.000000,0.092762,0.093972
0.000025,0.000153,0.000000,0.000193,0.000000,0.075827,0.076160
0.000030,0.000181,0.000000,0.000232,0.000000,0.183673,0.184802
0.000023,0.000138,0.000000,0.000175,0.000000,0.079468,0.079672
0.000022,0.000133,0.000000,0.000162,0.000000,0.084520,0.084916
0.000025,0.000168,0.000000,0.000206,0.000000,0.082743,0.083033
0.000022,0.000135,0.000000,0.000170,0.000000,0.081412,0.081647
0.000025,0.000174,0.000000,0.000210,0.000000,0.079952,0.080297
0.000024,0.000156,0.000000,0.000196,0.000000,0.047652,0.047863
0.000024,0.000139,0.000000,0.000177,0.000000,0.049077,0.049291
0.000021,0.000145,0.000000,0.000176,0.000000,0.545287,0.545968
0.000021,0.000127,0.000000,0.000161,0.000000,0.051451,0.051626
0.000035,0.000195,0.000000,0.000254,0.000000,0.077268,0.077619
0.000027,0.000163,0.000000,0.000202,0.000000,0.082178,0.082422
0.000023,0.000147,0.000000,0.000181,0.000000,0.043507,0.043697
0.000024,0.000142,0.000000,0.000178,0.000000,0.078246,0.078491
0.000030,0.000177,0.000000,0.000228,0.000000,0.054909,0.055111
0.000021,0.000128,0.000000,0.000157,0.000000,0.083524,0.083861
0.000028,0.000193,0.000000,0.000244,0.000000,0.066098,0.066459
0.000020,0.000130,0.000000,0.000163,0.000000,0.153645,0.154018
0.000040,0.000222,0.000000,0.000277,0.000000,0.076859,0.077188
0.000024,0.000150,0.000000,0.000186,0.000000,0.013618,0.013892
0.000021,0.000156,0.000000,0.000212,0.000000,0.076707,0.076932
0.000019,0.000129,0.000000,0.000244,0.000000,0.030301,0.030502
0.000022,0.000133,0.000000,0.000186,0.000000,0.064126,0.064380
0.000024,0.000206,0.000000,0.000260,0.000000,0.011748,0.011928
0.000034,0.000190,0.000000,0.000242,0.000000,0.119670,0.120563
0.000022,0.000132,0.000000,0.000161,0.000000,0.096576,0.097186
0.000026,0.000187,0.000000,0.000235,0.000000,0.178776,0.179622
0.000034,0.000216,0.000000,0.000271,0.000000,0.071718,0.072021
0.000026,0.000165,0.000000,0.000212,0.000000,0.027875,0.028245
0.000036,0.000394,0.000000,0.001038,0.000000,0.102824,0.103264
0.000056,0.000441,0.000000,0.000546,0.000000,0.054439,0.054833
0.000029,0.000303,0.000000,0.000382,0.000000,0.036905,0.037171
0.000018,0.000125,0.000000,0.000154,0.000000,0.178538,0.178645
0.000025,0.000172,0.000000,0.000237,0.000000,0.262375,0.262483
0.000027,0.000171,0.000000,0.000213,0.000000,0.030110,0.030368
0.000020,0.000127,0.000000,0.000158,0.000000,0.037395,0.037572
0.000023,0.000138,0.000000,0.000175,0.000000,0.044809,0.045006
0.000023,0.000156,0.000000,0.000193,0.000000,0.050543,0.050744
0.000145,0.000288,0.000000,0.000334,0.000000,0.032303,0.032466
0.000025,0.000259,0.000000,0.000302,0.000000,0.050285,0.050442
0.000021,0.000141,0.000000,0.000174,0.000000,0.070355,0.070566
0.000022,0.000138,0.000000,0.000168,0.000000,0.051792,0.051986
0.000025,0.000151,0.000000,0.000196,0.000000,0.189393,0.189880
0.000035,0.000205,0.000000,0.000261,0.000000,0.057723,0.058103
0.000023,0.000152,0.000000,0.000193,0.000000,0.172315,0.172358
0.000029,0.000161,0.000000,0.000210,0.000000,0.063978,0.065454
0.000019,0.000123,0.000000,0.000155,0.000000,0.911507,0.912095
0.000026,0.000148,0.000000,0.000181,0.000000,0.082478,0.082628
0.000020,0.000125,0.000000,0.000203,0.000000,0.019116,0.019286
0.000051,0.000357,0.000000,0.000653,0.000000,0.129818,0.129917
0.000021,0.000138,0.000000,0.000168,0.000000,0.058715,0.058889
0.000025,0.000159,0.000000,0.000203,0.000000,0.045525,0.045759
0.000020,0.000131,0.000000,0.000160,0.000000,0.043931,0.044098
0.000020,0.000136,0.000000,0.000169,0.000000,0.059289,0.059462
0.000018,0.000132,0.000000,0.000162,0.000000,0.260798,0.262035
0.000036,0.000240,0.000000,0.000301,0.000000,0.115068,0.115713
0.000037,0.000200,0.000000,0.000243,0.000000,0.140362,0.140884
0.000022,0.000139,0.000000,0.000173,0.000000,0.028424,0.028462
0.000024,0.000169,0.000000,0.000204,0.000000,0.079058,0.079338
0.000027,0.000173,0.000000,0.000212,0.000000,0.079411,0.079692
0.000028,0.000177,0.000000,0.000228,0.000000,0.020952,0.021284
0.000029,0.000186,0.000000,0.000232,0.000000,0.025489,0.025771
0.000057,0.000346,0.000000,0.000451,0.000000,0.138349,0.138420
0.000078,0.000480,0.000000,0.000664,0.000000,0.088257,0.088560
0.000019,0.000109,0.000000,0.000138,0.000000,0.013880,0.014040
0.000022,0.000143,0.000000,0.000175,0.000000,0.163984,0.164062
0.000021,0.000515,0.000000,0.000557,0.000000,0.083137,0.083808
0.000019,0.000148,0.000000,0.000179,0.000000,0.007170,0.007368
0.000025,0.000193,0.000000,0.000253,0.000000,0.134279,0.134320
0.000023,0.000147,0.000000,0.000230,0.000000,0.007637,0.007842
0.000027,0.000178,0.000000,0.000220,0.000000,0.077476,0.078315
0.000032,0.000217,0.000000,0.000264,0.000000,0.071579,0.071867
0.000030,0.000194,0.000000,0.000238,0.000000,0.078944,0.079216
0.000023,0.000160,0.000000,0.000197,0.000000,0.077484,0.077692
0.000020,0.000136,0.000000,0.000169,0.000000,0.048430,0.048602
0.000018,0.000129,0.000000,0.000157,0.000000,0.164974,0.165335
0.000029,0.000168,0.000000,0.000211,0.000000,0.008837,0.009115
0.000029,0.000323,0.000000,0.000779,0.000000,0.101058,0.101114
0.000031,0.000178,0.000000,0.000227,0.000000,0.180897,0.180953
0.000020,0.000149,0.000000,0.000183,0.000000,0.192407,0.192880
0.000039,0.000217,0.000000,0.000282,0.000000,0.065130,0.065494
0.000019,0.000129,0.000000,0.000159,0.000000,0.035349,0.035515
0.000020,0.000116,0.000000,0.000149,0.000000,0.166923,0.168078
0.000022,0.000157,0.000000,0.000197,0.000000,0.084865,0.085036
0.000022,0.000159,0.000000,0.000198,0.000000,0.034110,0.034576
0.000026,0.000165,0.000000,0.000209,0.000000,0.020944,0.021177
0.000026,0.000152,0.000000,0.000186,0.000000,0.050907,0.051218
0.000023,0.000154,0.000000,0.000186,0.000000,0.088022,0.088452
0.000038,0.000238,0.000000,0.000308,0.000000,0.017209,0.017645
0.000023,0.000141,0.000000,0.000171,0.000000,0.043805,0.044047
0.000028,0.000145,0.000000,0.000179,0.000000,0.076168,0.076367
0.000021,0.000154,0.000000,0.000188,0.000000,0.043397,0.043614
0.000026,0.000139,0.000000,0.000179,0.000000,0.100022,0.100067
0.000020,0.000130,0.000000,0.000161,0.000000,0.176948,0.177618
0.000038,0.000354,0.000000,0.000421,0.000000,0.100950,0.101416
0.000029,0.000178,0.000000,0.000218,0.000000,0.031376,0.031615
0.000024,0.000161,0.000000,0.000223,0.000000,0.078830,0.079037
0.000025,0.000149,0.000000,0.000192,0.000000,0.320468,0.320702
0.000026,0.000474,0.000000,0.000537,0.000000,0.069211,0.069453
0.000025,0.000151,0.000000,0.000189,0.000000,0.084273,0.084488
0.000026,0.000170,0.000000,0.000215,0.000000,0.045829,0.046028
0.000021,0.000139,0.000000,0.000169,0.000000,0.056663,0.056867
0.000023,0.000164,0.000000,0.000203,0.000000,0.038213,0.038407
0.000017,0.000127,0.000000,0.000158,0.000000,0.011475,0.011656
0.000021,0.000142,0.000000,0.000172,0.000000,0.194137,0.195057
0.000022,0.000141,0.000000,0.000172,0.000000,0.303450,0.303890
0.000026,0.000154,0.000000,0.000188,0.000000,0.085991,0.087392
0.000020,0.000130,0.000000,0.000154,0.000000,0.044478,0.044692
0.000033,0.000220,0.000000,0.000275,0.000000,0.181277,0.183450
0.000020,0.000136,0.000000,0.000165,0.000000,0.029823,0.030221
0.000102,0.000491,0.000000,0.000619,0.000000,0.071918,0.072750
0.000024,0.000154,0.000000,0.000194,0.000000,0.032523,0.032803
0.000040,0.000188,0.000000,0.000230,0.000000,0.041807,0.042093
0.000018,0.000125,0.000000,0.000154,0.000000,0.106088,0.106275
0.000020,0.000145,0.000000,0.000182,0.000000,0.085769,0.086010
0.000022,0.000150,0.000000,0.000188,0.000000,0.183988,0.184544
0.000029,0.000249,0.000000,0.000307,0.000000,0.064772,0.065067
0.000022,0.000146,0.000000,0.000182,0.000000,0.423771,0.424408
0.000136,0.000229,0.000000,0.000261,0.000000,0.186710,0.188352
0.000028,0.000160,0.000000,0.000198,0.000000,0.072097,0.072346
0.000020,0.000147,0.000000,0.000181,0.000000,0.047900,0.048080
0.000026,0.000144,0.000000,0.000185,0.000000,0.076048,0.076250
0.000138,0.000263,0.000000,0.000296,0.000000,0.182947,0.183368
0.000032,0.000172,0.000000,0.000227,0.000000,0.071859,0.071911
0.000023,0.000162,0.000000,0.000261,0.000000,0.110354,0.110662
0.000025,0.000160,0.000000,0.000203,0.000000,0.020545,0.020788
0.000024,0.000147,0.000000,0.000187,0.000000,0.083009,0.083121
0.000023,0.000146,0.000000,0.000185,0.000000,0.045756,0.045961
0.000023,0.000147,0.000000,0.000186,0.000000,0.042254,0.042451
0.000020,0.000122,0.000000,0.000155,0.000000,0.032421,0.032591
0.000035,0.000215,0.000000,0.000278,0.000000,0.067151,0.067521
0.000021,0.000156,0.000000,0.000193,0.000000,0.080983,0.081044
0.000028,0.000359,0.000000,0.000703,0.000000,0.072668,0.072919
0.000028,0.000174,0.000000,0.000214,0.000000,0.076567,0.076854
0.000021,0.000132,0.000000,0.000162,0.000000,0.085799,0.086225
0.000020,0.000142,0.000000,0.000240,0.000000,0.077639,0.077957
0.000033,0.000198,0.000000,0.000256,0.000000,0.062041,0.062461
0.000021,0.000136,0.000000,0.000184,0.000000,0.007703,0.007948
0.000027,0.000185,0.000000,0.000229,0.000000,0.168332,0.170111
0.000026,0.000159,0.000000,0.000198,0.000000,0.075985,0.076229
0.000024,0.000156,0.000000,0.000190,0.000000,0.223449,0.223732
0.000022,0.000123,0.000000,0.000154,0.000000,0.526311,0.526551
0.000036,0.000210,0.000000,0.000301,0.000000,0.146298,0.146673
0.000024,0.000141,0.000000,0.000179,0.000000,0.076803,0.077025
0.000023,0.000196,0.000000,0.000257,0.000000,0.081186,0.081463
0.000023,0.000146,0.000000,0.000180,0.000000,0.019665,0.019876
0.000024,0.000258,0.000000,0.000310,0.000000,0.217144,0.217622
0.000023,0.000160,0.000000,0.000194,0.000000,0.215167,0.215758
0.000020,0.000146,0.000000,0.000179,0.000000,0.269002,0.270030
0.000027,0.000151,0.000000,0.000190,0.000000,0.067166,0.067435
0.000025,0.000171,0.000000,0.000214,0.000000,0.071617,0.071868
0.000026,0.000300,0.000000,0.000357,0.000000,0.155990,0.156356
0.000026,0.000153,0.000000,0.000189,0.000000,0.081001,0.081206
0.000025,0.000162,0.000000,0.000219,0.000000,0.037472,0.037786
0.000027,0.000174,0.000000,0.000219,0.000000,0.038928,0.039182
0.000026,0.000171,0.000000,0.000215,0.000000,0.027636,0.027875
0.000026,0.000188,0.000000,0.000234,0.000000,0.024224,0.024567
0.000019,0.000138,0.000000,0.000187,0.000000,0.070076,0.070280
0.000021,0.000134,0.000000,0.000163,0.000000,0.037096,0.037269
0.000019,0.000131,0.000000,0.000160,0.000000,0.021740,0.021778
0.000023,0.000185,0.000000,0.000238,0.000000,0.184749,0.185183
0.000025,0.000173,0.000000,0.000211,0.000000,0.078425,0.078657
0.000022,0.000148,0.000000,0.000177,0.000000,0.081580,0.081830
0.000020,0.000134,0.000000,0.000170,0.000000,0.064051,0.064239
0.000024,0.000146,0.000000,0.000186,0.000000,0.050282,0.050519
0.000029,0.000163,0.000000,0.000217,0.000000,0.021029,0.021079
0.000022,0.000136,0.000000,0.000164,0.000000,0.083196,0.083600
0.000031,0.000185,0.000000,0.000239,0.000000,0.068872,0.068920
0.000030,0.000243,0.000000,0.000279,0.000000,0.050770,0.050945
0.000039,0.000232,0.000000,0.000328,0.000000,0.015178,0.015741
0.000071,0.000215,0.000000,0.000302,0.000000,0.077321,0.077645
0.000023,0.000167,0.000000,0.000210,0.000000,0.036830,0.037137
0.000021,0.000142,0.000000,0.000178,0.000000,0.052272,0.052445
0.000028,0.000177,0.000000,0.000227,0.000000,0.065443,0.065755
0.000024,0.000154,0.000000,0.000192,0.000000,0.027687,0.027946
0.000022,0.000142,0.000000,0.000176,0.000000,0.190811,0.191938
0.000023,0.000149,0.000000,0.006599,0.000000,0.077814,0.078068
0.000033,0.000187,0.000000,0.000240,0.000000,0.030361,0.030409
0.000027,0.000176,0.000000,0.000223,0.000000,0.077375,0.077628
0.000023,0.000150,0.000000,0.000191,0.000000,0.077962,0.078276
0.000025,0.000154,0.000000,0.000201,0.000000,0.055838,0.056088
0.000140,0.000491,0.000000,0.000580,0.000000,0.074240,0.074489
0.000028,0.000171,0.000000,0.000216,0.000000,0.142374,0.142575
0.000020,0.000137,0.000000,0.000167,0.000000,0.026569,0.026751
0.000026,0.000135,0.000000,0.000173,0.000000,0.026108,0.026456
0.000028,0.000164,0.000000,0.000203,0.000000,0.079632,0.079907
0.000018,0.000124,0.000000,0.000152,0.000000,0.051300,0.051508
0.000036,0.000236,0.000000,0.000301,0.000000,0.079729,0.079949
0.000032,0.000177,0.000000,0.000216,0.000000,0.062197,0.062390
0.000023,0.000223,0.000000,0.000263,0.000000,0.047969,0.048006
0.000026,0.000143,0.000000,0.000181,0.000000,0.062725,0.062768
0.000043,0.000144,0.000000,0.000174,0.000000,0.057381,0.057570
0.000021,0.000117,0.000000,0.000148,0.000000,0.023602,0.023804
0.000021,0.000134,0.000000,0.000167,0.000000,0.199910,0.205078
0.000022,0.000132,0.000000,0.000162,0.000000,0.255048,0.255571
0.000031,0.000186,0.000000,0.000240,0.000000,0.077301,0.077627
0.000035,0.000214,0.000000,0.000277,0.000000,0.015163,0.015410
0.000029,0.000167,0.000000,0.000215,0.000000,0.036940,0.037144
0.000026,0.000167,0.000000,0.000201,0.000000,0.040362,0.040572
0.000024,0.000154,0.000000,0.000186,0.000000,0.079969,0.080136
0.000020,0.000121,0.000000,0.000153,0.000000,0.286258,0.286603
0.000032,0.000215,0.000000,0.000270,0.000000,0.018435,0.018740
0.000020,0.000127,0.000000,0.000161,0.000000,0.106182,0.106235
0.000030,0.000175,0.000000,0.000217,0.000000,0.188113,0.188223
0.000027,0.000177,0.000000,0.000223,0.000000,0.015388,0.015625
0.000023,0.000148,0.000000,0.000186,0.000000,0.048882,0.049104
0.000021,0.000124,0.000000,0.000157,0.000000,0.081960,0.082235
0.000024,0.000151,0.000000,0.000187,0.000000,0.039260,0.039464
0.000032,0.000205,0.000000,0.000270,0.000000,0.179958,0.180829
0.000025,0.000149,0.000000,0.000216,0.000000,0.469599,0.469953
0.000025,0.000160,0.000000,0.000203,0.000000,0.034410,0.034641
0.000022,0.000152,0.000000,0.000186,0.000000,0.046988,0.047171
0.000026,0.000170,0.000000,0.000217,0.000000,0.032109,0.032355
0.000034,0.000191,0.000000,0.000239,0.000000,0.073164,0.073480
0.000034,0.000198,0.000000,0.000252,0.000000,0.707026,0.707213
0.000027,0.000169,0.000000,0.000212,0.000000,0.327907,0.328580
0.000021,0.000128,0.000000,0.000163,0.000000,0.033075,0.033271
0.000029,0.000183,0.000000,0.000235,0.000000,0.074817,0.075171
0.000021,0.000154,0.000000,0.000191,0.000000,0.047293,0.047504
0.000028,0.000160,0.000000,0.000197,0.000000,0.080254,0.080303
0.000020,0.000113,0.000000,0.000144,0.000000,0.031038,0.031251
0.000027,0.000188,0.000000,0.000238,0.000000,0.176435,0.177294
0.000027,0.000156,0.000000,0.000200,0.000000,0.061561,0.061828
0.000036,0.000214,0.000000,0.000278,0.000000,0.049610,0.049883
0.000031,0.000182,0.000000,0.000229,0.000000,0.176375,0.177321
0.000040,0.000248,0.000000,0.000343,0.000000,0.066078,0.066466
0.000022,0.000174,0.000000,0.000207,0.000000,0.078900,0.079098
0.000048,0.000316,0.000000,0.000401,0.000000,0.233816,0.234214
0.000035,0.002419,0.000000,0.002615,0.000000,0.048189,0.048506
0.000055,0.000325,0.000000,0.000419,0.000000,0.088972,0.089021
0.000035,0.000182,0.000000,0.000237,0.000000,0.063682,0.063733
0.000031,0.000183,0.000000,0.000228,0.000000,0.073882,0.074172
0.000021,0.000137,0.000000,0.000168,0.000000,0.085764,0.086045
0.000019,0.000139,0.000000,0.000171,0.000000,0.095860,0.096174
0.000022,0.000161,0.000000,0.000202,0.000000,0.077713,0.077958
0.000019,0.000134,0.000000,0.000168,0.000000,0.014119,0.014306
0.000021,0.000127,0.000000,0.000160,0.000000,0.055930,0.056101
0.000025,0.000180,0.000000,0.000235,0.000000,0.081183,0.081365
0.000031,0.000174,0.000000,0.000215,0.000000,0.028758,0.029020
0.000028,0.000181,0.000000,0.000224,0.000000,0.026130,0.026417
0.000021,0.000128,0.000000,0.000160,0.000000,0.085740,0.085817
0.000019,0.000134,0.000000,0.000165,0.000000,0.051354,0.051569
0.000031,0.000240,0.000000,0.000298,0.000000,0.155307,0.155644
0.000047,0.000284,0.000000,0.000359,0.000000,0.057095,0.057174
0.000026,0.000183,0.000000,0.000229,0.000000,0.035288,0.035576
0.000061,0.000580,0.000000,0.003176,0.000000,0.016485,0.016817
0.000042,0.000257,0.000000,0.000327,0.000000,0.026256,0.026617
0.000022,0.000132,0.000000,0.000164,0.000000,0.053506,0.053742
0.000030,0.000198,0.000000,0.000249,0.000000,0.088257,0.088317
0.000021,0.000124,0.000000,0.000155,0.000000,0.030670,0.030840
0.000032,0.000160,0.000000,0.000204,0.000000,0.059577,0.059845
0.000029,0.000290,0.000000,0.000347,0.000000,0.027318,0.027577
0.000029,0.000184,0.000000,0.000244,0.000000,0.070357,0.070775
0.000039,0.000220,0.000000,0.000286,0.000000,0.155276,0.155582
0.000024,0.000150,0.000000,0.000190,0.000000,0.085889,0.086245
0.000019,0.000127,0.000000,0.000158,0.000000,0.083518,0.083710
0.000021,0.000132,0.000000,0.000167,0.000000,0.060708,0.060955
0.000027,0.000160,0.000000,0.000199,0.000000,0.093682,0.093968
0.000021,0.000147,0.000000,0.000179,0.000000,0.074279,0.074566
0.000031,0.000184,0.000000,0.000234,0.000000,0.061507,0.061551
0.000022,0.000135,0.000000,0.000168,0.000000,0.118253,0.118430
0.000030,0.000187,0.000000,0.000233,0.000000,0.078086,0.078433
0.000020,0.000128,0.000000,0.000159,0.000000,0.094323,0.095113
0.000017,0.000106,0.000000,0.000134,0.000000,0.222594,0.224254
0.000020,0.000156,0.000000,0.000200,0.000000,0.187779,0.189050
0.000029,0.000167,0.000000,0.000215,0.000000,0.038163,0.038413
0.000078,0.000745,0.000000,0.000902,0.000000,0.088812,0.089704
0.000023,0.000164,0.000000,0.000222,0.000000,0.077422,0.077645
0.000025,0.000149,0.000000,0.000188,0.000000,0.042536,0.042744
0.000024,0.000152,0.000000,0.000191,0.000000,0.077265,0.077513
0.000021,0.000127,0.000000,0.000155,0.000000,0.051566,0.051759
0.000025,0.000179,0.000000,0.000225,0.000000,0.014365,0.014694
0.000036,0.000251,0.000000,0.000316,0.000000,0.166104,0.166923
0.000040,0.000264,0.000000,0.000333,0.000000,0.016259,0.016512
0.000017,0.000129,0.000000,0.000159,0.000000,0.179103,0.180005
0.000025,0.000175,0.000000,0.000213,0.000000,0.084513,0.085283
0.000024,0.000158,0.000000,0.000197,0.000000,0.041793,0.042024
0.000023,0.000134,0.000000,0.000172,0.000000,0.167814,0.169167
0.000018,0.000124,0.000000,0.000154,0.000000,0.179815,0.180582
0.000022,0.000133,0.000000,0.000167,0.000000,0.169700,0.170028
0.000025,0.000157,0.000000,0.000217,0.000000,0.039818,0.040058
0.000026,0.000165,0.000000,0.000207,0.000000,0.041567,0.043091
0.000023,0.000265,0.000000,0.001470,0.000000,0.187184,0.188450
0.000034,0.000207,0.000000,0.000261,0.000000,0.056134,0.056707
0.000037,0.000208,0.000000,0.000262,0.000000,0.011602,0.011645
0.000019,0.000127,0.000000,0.000159,0.000000,0.068068,0.068258
0.000027,0.000182,0.000000,0.000228,0.000000,0.142236,0.142535
0.000025,0.000166,0.000000,0.000211,0.000000,0.019178,0.019417
0.000036,0.000195,0.000000,0.000250,0.000000,0.070675,0.071018
0.000020,0.000135,0.000000,0.000165,0.000000,0.162448,0.163336
0.000024,0.000175,0.000000,0.000215,0.000000,0.052984,0.053033
0.000046,0.000267,0.000000,0.000318,0.000000,0.016195,0.016807
0.000018,0.000134,0.000000,0.000164,0.000000,0.092470,0.092724
0.000021,0.000129,0.000000,0.000157,0.000000,0.186951,0.187375
0.000029,0.000167,0.000000,0.000212,0.000000,0.025653,0.025694
0.000021,0.000129,0.000000,0.000160,0.000000,0.186378,0.187173
0.000035,0.000207,0.000000,0.000261,0.000000,0.352548,0.352993
0.000020,0.000134,0.000000,0.000165,0.000000,0.053074,0.053249
0.000022,0.000155,0.000000,0.000208,0.000000,0.082172,0.082379
0.000050,0.000265,0.000000,0.000409,0.000000,0.019111,0.019799
0.000020,0.000124,0.000000,0.000160,0.000000,0.041863,0.042060
0.000019,0.000128,0.000000,0.000157,0.000000,0.105319,0.106041
0.000031,0.000248,0.000000,0.000321,0.000000,0.133531,0.133961
0.000019,0.000119,0.000000,0.000148,0.000000,0.029972,0.030143
0.000022,0.000147,0.000000,0.000182,0.000000,0.162535,0.163166
0.000032,0.000185,0.000000,0.000231,0.000000,0.040629,0.041014
0.000023,0.000159,0.000000,0.000193,0.000000,0.094774,0.095740
0.000026,0.000172,0.000000,0.000213,0.000000,0.078255,0.078523
0.000020,0.000138,0.000000,0.000170,0.000000,0.078999,0.079188
0.000024,0.000178,0.000000,0.000214,0.000000,0.368982,0.369428
0.000020,0.000135,0.000000,0.000165,0.000000,0.055345,0.055514
0.000035,0.000384,0.000000,0.000459,0.000000,0.066016,0.066421
0.000021,0.000130,0.000000,0.000162,0.000000,0.188220,0.189188
0.000028,0.000334,0.000000,0.000733,0.000000,0.184740,0.185772
0.000018,0.000126,0.000000,0.000156,0.000000,0.100636,0.101272
0.000019,0.000134,0.000000,0.000164,0.000000,0.071499,0.071690
0.000033,0.000247,0.000000,0.000301,0.000000,0.076976,0.077352
0.000045,0.000379,0.000000,0.000463,0.000000,0.062253,0.062626
0.000023,0.000140,0.000000,0.000170,0.000000,0.074350,0.074389
0.000025,0.000144,0.000000,0.000176,0.000000,0.054094,0.054291
0.000020,0.000131,0.000000,0.000166,0.000000,0.056196,0.056343
0.000020,0.000125,0.000000,0.000154,0.000000,0.093576,0.094373
0.000041,0.000247,0.000000,0.000312,0.000000,0.062730,0.063161
0.000031,0.000180,0.000000,0.000235,0.000000,0.070144,0.070419
0.000018,0.000118,0.000000,0.000147,0.000000,0.081168,0.081412
0.000020,0.000130,0.000000,0.000162,0.000000,0.192380,0.193587
0.000022,0.000132,0.000000,0.000167,0.000000,0.080133,0.080337
0.000025,0.000169,0.000000,0.000209,0.000000,0.068260,0.068303
0.000026,0.000175,0.000000,0.000220,0.000000,0.077409,0.077762
0.000018,0.000128,0.000000,0.000157,0.000000,0.069389,0.069734
0.000028,0.000171,0.000000,0.000212,0.000000,0.094637,0.095632
0.000023,0.000135,0.000000,0.000164,0.000000,0.178158,0.179058
0.000025,0.000158,0.000000,0.000197,0.000000,0.044319,0.044542
0.000036,0.000198,0.000000,0.000247,0.000000,0.059173,0.059364
0.000024,0.000166,0.000000,0.000207,0.000000,0.030455,0.030745
0.000024,0.000153,0.000000,0.000193,0.000000,0.035964,0.036210
0.000025,0.000237,0.000000,0.000278,0.000000,0.118382,0.118585
0.000026,0.000173,0.000000,0.000216,0.000000,0.028557,0.028801
0.000020,0.000136,0.000000,0.000165,0.000000,0.067511,0.069206
0.000027,0.000176,0.000000,0.000215,0.000000,0.047494,0.047712
0.000029,0.000181,0.000000,0.000226,0.000000,0.100765,0.101494
0.000027,0.000163,0.000000,0.000200,0.000000,0.052863,0.053111
0.000043,0.000247,0.000000,0.000326,0.000000,0.394327,0.395337
0.000036,0.000223,0.000000,0.000286,0.000000,0.039494,0.039719
0.000028,0.000165,0.000000,0.000208,0.000000,0.071982,0.072249
0.000021,0.000131,0.000000,0.000160,0.000000,0.051729,0.051905
0.000019,0.000165,0.000000,0.000198,0.000000,0.021261,0.021458
0.000022,0.000135,0.000000,0.000168,0.000000,0.145729,0.147044
0.000050,0.000228,0.000000,0.000294,0.000000,0.052101,0.052432
0.000057,0.000321,0.000000,0.000422,0.000000,0.086883,0.087165
0.000024,0.000162,0.000000,0.000202,0.000000,0.054198,0.054481
0.000029,0.000171,0.000000,0.000211,0.000000,0.173338,0.174229
0.000028,0.000165,0.000000,0.000209,0.000000,0.009323,0.009544
0.000036,0.000241,0.000000,0.000298,0.000000,0.020032,0.020378
0.000025,0.000143,0.000000,0.000183,0.000000,0.078746,0.079051
0.000023,0.000165,0.000000,0.000206,0.000000,0.045913,0.046180
0.000027,0.000146,0.000000,0.000184,0.000000,0.063492,0.063844
0.000089,0.000280,0.000000,0.000317,0.000000,0.049061,0.049228
0.000022,0.000258,0.000000,0.000304,0.000000,0.082723,0.082913
0.000023,0.000161,0.000000,0.000199,0.000000,0.036607,0.036958
0.000034,0.000269,0.000000,0.000322,0.000000,0.015338,0.015707
0.000025,0.000160,0.000000,0.000204,0.000000,0.067762,0.068182
0.000024,0.000134,0.000000,0.000169,0.000000,0.484488,0.484957
0.000020,0.000128,0.000000,0.000157,0.000000,0.085787,0.086766
0.000026,0.000177,0.000000,0.000221,0.000000,0.174370,0.175114
0.000031,0.000190,0.000000,0.000236,0.000000,0.078574,0.078899
0.000030,0.000177,0.000000,0.000228,0.000000,0.075835,0.076328
0.000018,0.000127,0.000000,0.000157,0.000000,0.055977,0.056154
0.000028,0.000159,0.000000,0.000264,0.000000,0.044722,0.045003
0.000022,0.000161,0.000000,0.000199,0.000000,0.124187,0.124410
0.000020,0.000113,0.000000,0.000147,0.000000,0.135818,0.135882
0.000026,0.000181,0.000000,0.000220,0.000000,0.055904,0.056107
0.000062,0.000317,0.000000,0.000408,0.000000,0.091280,0.091590
0.000033,0.000208,0.000000,0.000269,0.000000,0.070475,0.070800
0.000024,0.000166,0.000000,0.000207,0.000000,0.029548,0.029802
0.000021,0.000104,0.000000,0.000135,0.000000,0.290280,0.291055
0.000023,0.000136,0.000000,0.000172,0.000000,0.077014,0.077349
0.000034,0.000201,0.000000,0.000251,0.000000,0.077970,0.078396
0.000027,0.000162,0.000000,0.000203,0.000000,0.078279,0.078513
0.000029,0.000178,0.000000,0.000229,0.000000,0.077282,0.077589
0.000023,0.000140,0.000000,0.000178,0.000000,0.011176,0.011443
0.000040,0.000263,0.000000,0.000331,0.000000,0.047734,0.048108
0.000049,0.000270,0.000000,0.000337,0.000000,0.056472,0.056918
0.000071,0.000396,0.000000,0.000524,0.000000,0.132061,0.132604
0.000020,0.000130,0.000000,0.000162,0.000000,0.077750,0.077793
0.000021,0.000151,0.000000,0.000185,0.000000,0.183047,0.183403
0.000021,0.000146,0.000000,0.000181,0.000000,0.008517,0.008693
0.000025,0.000172,0.000000,0.000217,0.000000,0.029908,0.030250
0.000031,0.000179,0.000000,0.000244,0.000000,0.030872,0.032017
0.000021,0.000121,0.000000,0.000154,0.000000,0.492815,0.493713
0.000021,0.000136,0.000000,0.000171,0.000000,0.075990,0.076246
0.000020,0.000142,0.000000,0.000177,0.000000,0.051105,0.051314
0.000019,0.000125,0.000000,0.000157,0.000000,0.052175,0.052393
0.000022,0.000126,0.000000,0.000160,0.000000,0.055430,0.055595
0.000037,0.000297,0.000000,0.000346,0.000000,0.078607,0.078858
0.000020,0.000133,0.000000,0.000162,0.000000,0.038359,0.038526
0.000018,0.000117,0.000000,0.000147,0.000000,0.047519,0.047785
0.000020,0.000131,0.000000,0.000161,0.000000,0.087053,0.087261
0.000023,0.000138,0.000000,0.000176,0.000000,0.054886,0.055087
0.000021,0.000120,0.000000,0.000151,0.000000,0.056769,0.056957
0.000036,0.000183,0.000000,0.000226,0.000000,0.371910,0.373213
0.000022,0.000144,0.000000,0.000183,0.000000,0.081419,0.081645
0.000023,0.000185,0.000000,0.000236,0.000000,0.177546,0.177595
0.000032,0.000198,0.000000,0.000248,0.000000,0.072651,0.072968
0.000021,0.000132,0.000000,0.000162,0.000000,0.014112,0.014310
0.000027,0.000163,0.000000,0.000199,0.000000,0.077990,0.078209
0.000023,0.000148,0.000000,0.000186,0.000000,0.272505,0.273369
0.000026,0.000160,0.000000,0.000200,0.000000,0.031935,0.031977
0.000019,0.000134,0.000000,0.000165,0.000000,0.081763,0.081968
0.000036,0.000193,0.000000,0.000247,0.000000,0.066362,0.066700
0.000020,0.000125,0.000000,0.000160,0.000000,0.035771,0.035957
0.000026,0.000145,0.000000,0.000184,0.000000,0.190402,0.191456
0.000029,0.000178,0.000000,0.000230,0.000000,0.063977,0.064265
0.000044,0.000246,0.000000,0.000313,0.000000,0.149749,0.150116
0.000020,0.000134,0.000000,0.000163,0.000000,0.075737,0.075977
0.000028,0.000171,0.000000,0.000217,0.000000,0.091767,0.092172
0.000018,0.000133,0.000000,0.000162,0.000000,0.026522,0.026687
0.000029,0.000165,0.000000,0.000202,0.000000,0.037029,0.037288
0.000029,0.000179,0.000000,0.000214,0.000000,0.049691,0.049871
0.000023,0.000150,0.000000,0.000211,0.000000,0.007645,0.007859
0.000033,0.000214,0.000000,0.000310,0.000000,0.076570,0.077033
0.000021,0.000130,0.000000,0.000159,0.000000,0.057622,0.057841
0.000021,0.000132,0.000000,0.000182,0.000000,0.029114,0.029303
0.000024,0.000145,0.000000,0.000180,0.000000,0.010207,0.010242
0.000023,0.000187,0.000000,0.000219,0.000000,0.077220,0.077484
0.000019,0.000130,0.000000,0.000160,0.000000,0.184276,0.185207
0.000028,0.000158,0.000000,0.000203,0.000000,0.043736,0.043968
0.000021,0.000131,0.000000,0.000166,0.000000,0.059166,0.059340
0.000043,0.000265,0.000000,0.000342,0.000000,0.055590,0.056122
0.000023,0.000171,0.000000,0.000208,0.000000,0.052454,0.052682
0.000024,0.000148,0.000000,0.000186,0.000000,0.049614,0.049827
0.000020,0.000131,0.000000,0.000161,0.000000,0.032547,0.032724
0.000020,0.000127,0.000000,0.000158,0.000000,0.201866,0.202623
0.000044,0.000236,0.000000,0.000328,0.000000,0.067578,0.068005
0.000028,0.000176,0.000000,0.000220,0.000000,0.033240,0.033534
0.000027,0.000183,0.000000,0.000230,0.000000,0.069166,0.069493
0.000020,0.000133,0.000000,0.000167,0.000000,0.082222,0.082579
0.000022,0.000120,0.000000,0.000154,0.000000,0.034248,0.034433
0.000026,0.000236,0.000000,0.000277,0.000000,0.129487,0.130395
0.000025,0.000162,0.000000,0.000198,0.000000,0.249987,0.251098
0.000039,0.000253,0.000000,0.000335,0.000000,0.074099,0.074401
0.000017,0.000117,0.000000,0.000146,0.000000,0.022388,0.022548
0.000034,0.000207,0.000000,0.000268,0.000000,0.011766,0.012303
0.000027,0.000180,0.000000,0.000225,0.000000,0.060940,0.061216
0.000032,0.000183,0.000000,0.000228,0.000000,0.073078,0.073360
0.000024,0.000135,0.000000,0.000159,0.000000,0.075569,0.075882
0.000026,0.000142,0.000000,0.000173,0.000000,0.076106,0.076270
0.000022,0.000176,0.000000,0.000207,0.000000,0.089504,0.090320
0.000021,0.000144,0.000000,0.000177,0.000000,0.084221,0.084498
0.000028,0.000195,0.000000,0.000235,0.000000,0.048378,0.048604
0.000077,0.000603,0.000000,0.000865,0.000000,0.089603,0.089641
0.000021,0.000133,0.000000,0.000162,0.000000,0.083597,0.083961
0.000021,0.000127,0.000000,0.000160,0.000000,0.049403,0.049580
0.000024,0.000146,0.000000,0.000187,0.000000,0.078843,0.079069
0.000027,0.000207,0.000000,0.000253,0.000000,0.060926,0.061162
0.000020,0.000140,0.000000,0.000173,0.000000,0.602042,0.602344
0.000027,0.000166,0.000000,0.000214,0.000000,0.059180,0.059479
0.000026,0.000157,0.000000,0.000200,0.000000,0.192690,0.193618
0.000021,0.000142,0.000000,0.000177,0.000000,0.295498,0.296289
0.000023,0.000123,0.000000,0.000152,0.000000,0.058464,0.058644
0.000020,0.000139,0.000000,0.000170,0.000000,0.592593,0.592705
0.000022,0.000146,0.000000,0.000181,0.000000,0.060329,0.060538
0.000049,0.000277,0.000000,0.000335,0.000000,0.072947,0.073247
0.000027,0.000201,0.000000,0.000246,0.000000,0.065874,0.066191
0.000021,0.000146,0.000000,0.000176,0.000000,0.080581,0.080870
0.000023,0.000159,0.000000,0.000191,0.000000,0.082301,0.082513
0.000023,0.000159,0.000000,0.000209,0.000000,0.045469,0.045677
0.000027,0.000155,0.000000,0.000200,0.000000,0.024147,0.024405
0.000029,0.000177,0.000000,0.000228,0.000000,0.019856,0.020051
0.000043,0.000247,0.000000,0.000320,0.000000,0.093326,0.093546
0.000026,0.000181,0.000000,0.000290,0.000000,0.075709,0.076048
0.000079,0.000671,0.000000,0.000802,0.000000,0.098223,0.098457
0.000020,0.000171,0.000000,0.000222,0.000000,0.008609,0.008799
0.000018,0.000115,0.000000,0.000145,0.000000,0.031238,0.031440
0.000020,0.000136,0.000000,0.000166,0.000000,0.104490,0.105306
0.000039,0.000279,0.000000,0.000344,0.000000,0.151801,0.152826
0.000020,0.000170,0.000000,0.000205,0.000000,0.092453,0.092581
0.000020,0.000120,0.000000,0.000147,0.000000,0.032320,0.032539
0.000023,0.000133,0.000000,0.000163,0.000000,0.027014,0.027186
0.000020,0.000138,0.000000,0.000169,0.000000,0.025275,0.025497
0.000021,0.000135,0.000000,0.000165,0.000000,0.048006,0.048191
0.000024,0.000155,0.000000,0.000197,0.000000,0.075588,0.075921
0.000018,0.000142,0.000000,0.000174,0.000000,0.161575,0.161855
0.000032,0.000171,0.000000,0.000212,0.000000,0.056808,0.057057
0.000027,0.000163,0.000000,0.000201,0.000000,0.193894,0.197825
0.000030,0.000247,0.000000,0.000298,0.000000,0.080712,0.080937
0.000024,0.000138,0.000000,0.000174,0.000000,0.019724,0.020011
0.000021,0.000128,0.000000,0.000159,0.000000,0.244322,0.244500
0.000024,0.000152,0.000000,0.000192,0.000000,0.085616,0.085892
0.000017,0.000110,0.000000,0.000138,0.000000,0.029714,0.029885
0.000033,0.000196,0.000000,0.000253,0.000000,0.067982,0.068277
0.000022,0.000138,0.000000,0.000174,0.000000,0.089154,0.090405
0.000033,0.000181,0.000000,0.000232,0.000000,0.097686,0.098436
0.000027,0.000220,0.000000,0.000266,0.000000,0.079280,0.079586
0.000036,0.000211,0.000000,0.000265,0.000000,0.063480,0.063882
0.000019,0.000124,0.000000,0.000156,0.000000,0.267612,0.268408
0.000021,0.000139,0.000000,0.000175,0.000000,0.064816,0.065051
0.000020,0.000127,0.000000,0.000159,0.000000,0.161555,0.162616
0.000028,0.000159,0.000000,0.000196,0.000000,0.078769,0.079223
0.000020,0.000190,0.000000,0.000222,0.000000,0.093020,0.093853
0.000027,0.000154,0.000000,0.000200,0.000000,0.073533,0.073791
0.000016,0.000124,0.000000,0.000153,0.000000,0.164637,0.165514
0.000029,0.000197,0.000000,0.000267,0.000000,0.040688,0.040957
0.000020,0.000143,0.000000,0.000172,0.000000,0.185015,0.185819
0.000035,0.000150,0.000000,0.000178,0.000000,0.053269,0.053436
0.000023,0.000222,0.000000,0.000258,0.000000,0.049657,0.049876
0.000023,0.000141,0.000000,0.000177,0.000000,0.082255,0.082463
0.000021,0.000150,0.000000,0.000182,0.000000,0.176059,0.176929
0.000023,0.000141,0.000000,0.000175,0.000000,0.021913,0.022123
0.000028,0.000154,0.000000,0.000194,0.000000,0.083234,0.083461
0.000025,0.000177,0.000000,0.000218,0.000000,0.044968,0.045209
0.000020,0.000136,0.000000,0.000167,0.000000,0.078027,0.078250
0.000021,0.000115,0.000000,0.000148,0.000000,0.060745,0.060922
0.000021,0.000122,0.000000,0.000152,0.000000,0.015661,0.015834
0.000043,0.000247,0.000000,0.000312,0.000000,0.058240,0.058609
0.000019,0.000134,0.000000,0.000167,0.000000,0.078035,0.078208
0.000024,0.000140,0.000000,0.000180,0.000000,0.101424,0.101928
0.000035,0.000208,0.000000,0.000274,0.000000,0.023401,0.023809
0.000053,0.000361,0.000000,0.000462,0.000000,0.137051,0.137349
0.000028,0.000158,0.000000,0.000184,0.000000,0.157579,0.158392
0.000023,0.000140,0.000000,0.000178,0.000000,0.053173,0.053386
0.000024,0.000160,0.000000,0.000201,0.000000,0.035340,0.035625
0.000026,0.000176,0.000000,0.000239,0.000000,0.084200,0.084436
0.000024,0.000161,0.000000,0.000204,0.000000,0.157180,0.158491
0.000022,0.000127,0.000000,0.000157,0.000000,0.076196,0.076372
0.000029,0.000317,0.000000,0.000381,0.000000,0.020480,0.020518
0.000020,0.000127,0.000000,0.000160,0.000000,0.085136,0.085337
0.000021,0.000128,0.000000,0.000157,0.000000,0.173912,0.174267
0.000027,0.000174,0.000000,0.000216,0.000000,0.557264,0.557708
0.000021,0.000116,0.000000,0.000145,0.000000,0.168531,0.169548
0.000020,0.000135,0.000000,0.000168,0.000000,0.056614,0.056784
0.000047,0.000394,0.000000,0.000491,0.000000,0.101022,0.101326
0.000026,0.000134,0.000000,0.000174,0.000000,0.047642,0.048319
0.000029,0.000164,0.000000,0.000209,0.000000,0.038680,0.038957
0.000023,0.000140,0.000000,0.000172,0.000000,0.091748,0.092694
0.000032,0.000198,0.000000,0.000253,0.000000,0.029851,0.030169
0.000022,0.000127,0.000000,0.000159,0.000000,0.186303,0.187218
0.000020,0.000140,0.000000,0.000175,0.000000,0.108370,0.109208
0.000018,0.000128,0.000000,0.000158,0.000000,0.055758,0.055903
0.000022,0.000170,0.000000,0.000208,0.000000,0.081312,0.081363
0.000021,0.000136,0.000000,0.000220,0.000000,0.030014,0.030186
0.000018,0.000131,0.000000,0.000161,0.000000,0.109585,0.109623
0.000021,0.000131,0.000000,0.000164,0.000000,0.034302,0.034534
0.000022,0.000134,0.000000,0.000163,0.000000,0.009054,0.009233
0.000025,0.000178,0.000000,0.000222,0.000000,0.069595,0.069928
0.000020,0.000141,0.000000,0.000175,0.000000,0.023269,0.023462
0.000020,0.000141,0.000000,0.000174,0.000000,0.198186,0.198289
0.000025,0.000142,0.000000,0.000180,0.000000,0.088407,0.089175
0.000021,0.000116,0.000000,0.000149,0.000000,0.078741,0.078964
0.000028,0.000181,0.000000,0.000231,0.000000,0.181355,0.182508
0.000053,0.000200,0.000000,0.000245,0.000000,0.104684,0.105259
0.000034,0.000221,0.000000,0.000317,0.000000,0.204138,0.204241
0.000020,0.000115,0.000000,0.000148,0.000000,0.168662,0.169420
0.000045,0.000198,0.000000,0.000242,0.000000,0.059495,0.059666
0.000020,0.000128,0.000000,0.000160,0.000000,0.079801,0.079955
0.000029,0.000179,0.000000,0.000245,0.000000,0.030807,0.030849
0.000028,0.000161,0.000000,0.000198,0.000000,0.180835,0.182002
0.000026,0.000152,0.000000,0.000191,0.000000,0.260662,0.267927
0.000024,0.000135,0.000000,0.000164,0.000000,0.082861,0.083029
0.000018,0.000129,0.000000,0.000160,0.000000,0.007813,0.008072
0.000029,0.000174,0.000000,0.000223,0.000000,0.036713,0.037010
0.000019,0.000124,0.000000,0.000159,0.000000,0.073510,0.073682
0.000019,0.000130,0.000000,0.000164,0.000000,0.437076,0.438300
0.000077,0.000393,0.000000,0.000534,0.000000,0.117031,0.117909
0.000025,0.000172,0.000000,0.000218,0.000000,0.008583,0.008780
0.000020,0.000128,0.000000,0.000157,0.000000,0.012403,0.012659
0.000072,0.000446,0.000000,0.000573,0.000000,0.078043,0.079752
0.000017,0.000129,0.000000,0.000158,0.000000,0.072286,0.072493
0.000077,0.000447,0.000000,0.000623,0.000000,0.090818,0.091194
0.000030,0.000207,0.000000,0.000263,0.000000,0.069313,0.069692
0.000022,0.000127,0.000000,0.000156,0.000000,0.070498,0.070770
0.000022,0.000280,0.000000,0.000331,0.000000,0.088703,0.089758
0.000029,0.000174,0.000000,0.000226,0.000000,0.071498,0.071729
0.000018,0.000116,0.000000,0.000147,0.000000,0.058505,0.058726
0.000019,0.000109,0.000000,0.000137,0.000000,0.036668,0.036846
0.000020,0.000131,0.000000,0.000164,0.000000,0.990974,0.991330
